{
    "version": "2.0.0",
    "tasks": [
        {
            // "type": "shell",
            "type":"process",
            "label": "C/C++: g++.exe build active file",
            "command": "C:\\mingw64\\bin\\g++.exe",
            "args": [
                "-g",
                "${file}",
                "-o",
                "${fileDirname}\\output\\${fileBasenameNoExtension}.exe",
                "-Wall",
                "-static-libgcc",
                // "--static",
                // "-std=c11",

            ],
            "options": {
                "cwd": "${workspaceFolder}"
            },
            // "problemMatcher": [
            //     "$gcc"
            // ],
            "group": {
                "kind": "build",
                "isDefault": true
            },
            "presentation": {
                "echo": true,
                "reveal": "always",
                "focus": false,
                "panel": "shared",
                "showReuseMessage": true,
                "clear": false
            }
        }
    ]
}